responder_caste,groom_caste,income_level,compensation_all_letters,compensation_paper_sample
HC,MC,HI,15.07692307692589,27.37777777778097
HC,MC,MI,26.707692307697126,34.84444444443403
HC,MC,LI,32.73846153846766,40.44444444444399
HC,LC,HI,19.76470588235195,35.91304347826664
HC,LC,MI,25.52941176470726,36.521739130425026
HC,LC,LI,37.882352941179676,49.30434782608845
MC,LC,HI,4.260869565215201,22.58064516128704
MC,LC,MI,6.695652173913116,13.548387096774755
MC,LC,LI,-3.0434782608694606,1.8064516129034058
