responder_caste,groom_caste,income_level,letters_bottom_half,letters_top_half,compensation_k_bottom_half,compensation_k_top_half
HC,MC,HI,237,241,-22.999999999999524,110.35294117647905
HC,MC,MI,237,241,11.999999999999325,72.47058823530037
HC,MC,LI,237,241,30.99999999999947,56.00000000000034
HC,LC,HI,237,241,-13.999999999999545,129.5000000000091
HC,LC,MI,237,241,10.266666666666733,85.75000000000739
HC,LC,LI,237,241,38.26666666666659,70.0000000000001
MC,LC,HI,186,188,46.66666666666368,16.80000000000015
MC,LC,MI,186,188,51.33333333333265,4.479999999999838
MC,LC,LI,186,188,4.666666666666592,1.1199999999997208
